{
    "enemies": [
        {
            "rotation": [
                0.0,
                0.0,
                0.0
            ],
            "scale": [
                3.0,
                3.0,
                3.0
            ],
            "translation": [
                0.0,
                9.0,
                103.99994659423828
            ]
        },
        {
            "rotation": [
                0.0,
                0.0,
                0.0
            ],
            "scale": [
                3.0,
                3.0,
                3.0
            ],
            "translation": [
                0.0,
                9.0,
                145.5
            ]
        },
        {
            "rotation": [
                0.0,
                0.0,
                0.0
            ],
            "scale": [
                3.0,
                3.0,
                3.0
            ],
            "translation": [
                0.0,
                9.0,
                235.0330047607422
            ]
        }
    ]
}
