{
    "enemies": [
        {
            "rotation": [
                0.0,
                0.0,
                0.0
            ],
            "scale": [
                3.0,
                3.0,
                3.0
            ],
            "tag": "Untagged",
            "translation": [
                0.0,
                9.0,
                103.99994659423828
            ]
        },
        {
            "rotation": [
                0.0,
                0.0,
                0.0
            ],
            "scale": [
                3.0,
                3.0,
                3.0
            ],
            "tag": "Untagged",
            "translation": [
                0.0,
                9.0,
                145.5
            ]
        },
        {
            "rotation": [
                0.0,
                0.0,
                0.0
            ],
            "scale": [
                3.0,
                3.0,
                3.0
            ],
            "tag": "Untagged",
            "translation": [
                0.0,
                9.0,
                235.0330047607422
            ]
        }
    ],
    "sceneObjects": [],
    "spawnEvents": [
        {
            "prefabName": "ZakoEnemy",
            "spawnOffset": [
                0.0,
                6.300000190734863,
                132.8000030517578
            ],
            "spawnTime": 7.235000133514404
        }
    ],
    "waypoints": [
        [
            0.0,
            4.0,
            -10.0
        ],
        [
            0.0,
            4.0,
            40.0
        ],
        [
            0.0,
            4.0,
            90.0
        ],
        [
            0.0,
            4.0,
            140.0
        ],
        [
            0.0,
            4.0,
            190.0
        ],
        [
            0.0,
            4.0,
            240.0
        ],
        [
            0.0,
            4.0,
            294.3999938964844
        ],
        [
            3.9000000953674316,
            4.0,
            410.29998779296875
        ],
        [
            31.399999618530273,
            4.0,
            467.20001220703125
        ],
        [
            63.599998474121094,
            4.0,
            517.7000122070313
        ]
    ]
}
