{
    "distortion": 0.05000000074505806,
    "duration": 1.0,
    "maxRadius": 0.800000011920929,
    "thickness": 0.10000000149011612
}
